bbox,cessation,country_id,deprecated,file_hash,fullname,geom_hash,geom_latitude,geom_longitude,id,inception,iso,iso_country,lastmodified,lbl_latitude,lbl_longitude,locality_id,name,parent_id,path,placetype,region_id,source,superseded_by,supersedes,wof_country
"-74.04189513118025,40.56952999448673,-73.83623731597845,40.73912795313434",uuuu,85633793,,7506c633e41086e71c02fe2defd0bb7c,,e6dea41e03b9c754c3ad68ab0cf09ce3,40.644536,-73.947928,421205765,uuuu,US,US,1489131500,40.652256,-73.956582,85977539,Brooklyn,85977539,421/205/765/421205765.geojson,borough,85688543,mz,,"420782855,404521211",US
"-73.96262015898665,40.54182008715523,-73.70000906387122,40.801011467819",uuuu,85633793,,8b461d3b554900844f40fd04fea39bf4,,1a6ebf71ce09963257e2465227ccf798,40.707366,-73.818798,421205767,uuuu,US,US,1491257194,40.718804,-73.805154,85977539,Queens,85977539,421/205/767/421205767.geojson,borough,85688543,mz,,"420782853,404521559",US
"-74.0477296269705,40.68291694544506,-73.90665099539478,40.87903804680469",uuuu,85633793,,449e6d5b35d82bf6bf9553942d0b94aa,,781d106e30d8368dd2a217dd272be574,40.777595,-73.967045,421205771,uuuu,US,US,1491257184,40.777048,-73.967596,85977539,Manhattan,85977539,421/205/771/421205771.geojson,borough,85688543,mz,,"420782849,404522731",US
"-73.93360592036717,40.78535662050848,-73.76533243995296,40.91553277700521",uuuu,85633793,,a14859850dfdba2261cf0c726c686125,,ba1b350e95026d7e891455b4c4311f2e,40.852635,-73.866605,421205773,uuuu,US,US,1491257126,40.853551,-73.874979,85977539,The Bronx,85977539,421/205/773/421205773.geojson,borough,85688543,mz,,"420782851,404521159",US
"-74.25559136315229,40.49613398761198,-74.05222826954197,40.64889114733949",uuuu,85633793,,2a054510fb18ba6fa7f43bac71a63bad,,72ef53fbd5eb7c2c0e8ef060dd952b55,40.580852,-74.153376,421205775,uuuu,US,US,1491257176,40.589886,-74.151842,85977539,Staten Island,85977539,421/205/775/421205775.geojson,borough,85688543,mz,,"420782857,404523089",US
